insert  into `hm_area`(`id`,`parent`,`name`,`code`,`creator`,`create_time`,`updater`,`update_time`) values ('6bad933e-73ee-11e3-ae10-6cae8b21aeaa',NULL,'上海市','00210000',NULL,'2014-01-02 15:42:39',NULL,'2014-01-02 15:42:39'),('7e6fdc5c-73ee-11e3-ae10-6cae8b21aeaa','6bad933e-73ee-11e3-ae10-6cae8b21aeaa','上海市','00210100',NULL,'2014-01-02 15:43:11',NULL,'2014-01-02 15:43:11'),('87e9f55e-8449-11e3-ae10-6cae8b21aeaa','f26ef478-7c9d-11e3-ae10-6cae8b21aeaa','北京市','00100100',NULL,'2014-01-13 16:59:17',NULL,'2014-01-13 16:59:17'),('94d65ad4-73ee-11e3-ae10-6cae8b21aeaa','7e6fdc5c-73ee-11e3-ae10-6cae8b21aeaa','黄浦区','00210101',NULL,'2014-01-02 15:43:48',NULL,'2014-01-02 15:43:48'),('95ece3dc-8449-11e3-ae10-6cae8b21aeaa','87e9f55e-8449-11e3-ae10-6cae8b21aeaa','朝阳区','00100101',NULL,'2014-01-13 16:59:17',NULL,'2014-01-13 16:59:17'),('f26ef478-7c9d-11e3-ae10-6cae8b21aeaa',NULL,'北京市','00100000',NULL,'2014-01-13 16:59:17',NULL,'2014-01-13 16:59:17');
insert  into `hm_bank`(`id`,`name`,`code`,`logo`,`status`,`creator`,`create_time`,`updater`,`update_time`) values ('067ca118-74bf-11e3-ae10-6cae8b21aeaa','中国建设银行','CCB',NULL,'00',NULL,'2014-01-03 16:35:54',NULL,'2014-01-03 16:35:54'),('1d9ebe3a-74bf-11e3-ae10-6cae8b21aeaa','中国农业银行','ABCHINA',NULL,'00',NULL,'2014-01-03 16:36:33',NULL,'2014-01-03 16:36:33'),('a8587ebe-73f0-11e3-ae10-6cae8b21aeaa','中国工商银行','ICBC',NULL,'00',NULL,'2014-01-02 15:58:40',NULL,'2014-01-02 15:58:40'),('a858c05e-73f0-11e3-ae10-6cae8b21aeaa','中国银行','BOC',NULL,'00',NULL,'2014-01-02 15:58:40',NULL,'2014-01-02 15:58:40');
insert  into `hm_dictionary_type`(`id`,`name`,`code`,`status`,`creator`,`create_time`,`updater`,`update_time`) values ('176c9150-7103-11e3-ae10-6cae8b21aeaa','借款用途','loan_purpose','00',NULL,'2013-12-29 22:33:04',NULL,'2013-12-29 22:33:04'),('8fcaf41e-73e4-11e3-ae10-6cae8b21aeaa','证件类型','id_type','00',NULL,'2014-01-02 00:00:00',NULL,'2014-01-02 00:00:00'),('ec445644-7fb6-11e3-ae10-6cae8b21aeaa','导航类型','nav','00',NULL,'2014-01-17 15:35:37',NULL,'2014-01-17 15:35:37');
insert  into `hm_dictionary`(`id`,`type`,`name`,`code`,`order_`,`status`,`creator`,`create_time`,`updater`,`update_time`) values ('0aaafbb0-7fb7-11e3-ae10-6cae8b21aeaa','ec445644-7fb6-11e3-ae10-6cae8b21aeaa','控制台','console',0,'00',NULL,'2014-01-17 15:36:28',NULL,'2014-01-17 15:36:28'),('ecd67c52-7103-11e3-ae10-6cae8b21aeaa','176c9150-7103-11e3-ae10-6cae8b21aeaa','经营周转','purpose_1',0,'00',NULL,'2013-12-29 22:39:02',NULL,'2013-12-29 22:39:02'),('ecd70168-7103-11e3-ae10-6cae8b21aeaa','176c9150-7103-11e3-ae10-6cae8b21aeaa','投资创业','purpose_2',1,'00',NULL,'2013-12-29 22:39:02',NULL,'2013-12-29 22:39:02'),('ecd732f0-7103-11e3-ae10-6cae8b21aeaa','176c9150-7103-11e3-ae10-6cae8b21aeaa','购房装修','purpose_3',2,'00',NULL,'2013-12-29 22:39:02',NULL,'2013-12-29 22:39:02'),('ecd76338-7103-11e3-ae10-6cae8b21aeaa','176c9150-7103-11e3-ae10-6cae8b21aeaa','教育培训','purpose_4',3,'00',NULL,'2013-12-29 22:39:02',NULL,'2013-12-29 22:39:02'),('ecd7b432-7103-11e3-ae10-6cae8b21aeaa','176c9150-7103-11e3-ae10-6cae8b21aeaa','购车借款','purpose_5',4,'00',NULL,'2013-12-29 22:39:02',NULL,'2013-12-29 22:39:02'),('f15df3f6-9230-11e3-8035-e41f13befebc','176c9150-7103-11e3-ae10-6cae8b21aeaa','测试类型','purpose_6',7,'00',NULL,'2013-12-29 22:39:02',NULL,'2013-12-29 22:39:02');
insert  into `hm_label`(`id`,`name`,`creator`,`create_time`,`updater`,`update_time`) values ('77a46ff7-b408-4ed0-9846-fff6e2238ea5','信用报告','2c5506fc-81e2-4a23-af31-f93d96559985','2014-02-27 10:44:32','2c5506fc-81e2-4a23-af31-f93d96559985','2014-02-27 10:44:32'),('9ee07838-a767-4ab5-8d0f-b081766cdbac','收入证明','f15d044e-6dd4-11e3-ae10-6cae8b21aeaa','2014-01-09 13:21:31','f15d044e-6dd4-11e3-ae10-6cae8b21aeaa','2014-01-09 13:21:31'),('b257df00-78ae-11e3-ae10-6cae8b21aeaa','身份证',NULL,'2014-01-08 00:00:00',NULL,'2014-01-08 00:00:00'),('c21d17fc-78ae-11e3-ae10-6cae8b21aeaa','房产证',NULL,'2014-01-08 00:00:00',NULL,'2014-01-08 00:00:00'),('cc017dd0-78ae-11e3-ae10-6cae8b21aeaa','工作证明',NULL,'2014-01-08 00:00:00',NULL,'2014-01-08 00:00:00');
insert  into `hm_navigation`(`id`,`parent`,`type`,`name`,`subname`,`code`,`path`,`target`,`order_`,`creator`,`create_time`,`updater`,`update_time`) values ('3bb6a574-7fb7-11e3-ae10-6cae8b21aeaa',NULL,'0aaafbb0-7fb7-11e3-ae10-6cae8b21aeaa','首页',NULL,'home','@/home','_main',0,NULL,'2014-01-17 15:37:50',NULL,'2014-01-17 15:37:50'),('7649d102-7fb7-11e3-ae10-6cae8b21aeaa',NULL,'0aaafbb0-7fb7-11e3-ae10-6cae8b21aeaa','信息查询',NULL,'search','@/menu','_menu',1,NULL,'2014-01-17 15:37:50',NULL,'2014-01-17 15:37:50'),('8290abe8-7fb7-11e3-ae10-6cae8b21aeaa',NULL,'0aaafbb0-7fb7-11e3-ae10-6cae8b21aeaa','资金管理',NULL,'jpy','@/menu','_menu',2,NULL,'2014-01-17 15:37:50',NULL,'2014-01-17 15:37:50'),('8661957a-820f-11e3-ae10-6cae8b21aeaa','7649d102-7fb7-11e3-ae10-6cae8b21aeaa','0aaafbb0-7fb7-11e3-ae10-6cae8b21aeaa','借款信息',NULL,'loan','@/loan/index','_main',0,NULL,'2014-01-17 15:37:50',NULL,'2014-01-17 15:37:50'),('8dfd503a-7fb7-11e3-ae10-6cae8b21aeaa',NULL,'0aaafbb0-7fb7-11e3-ae10-6cae8b21aeaa','网站维护',NULL,'globe','@/menu','_menu',3,NULL,'2014-01-17 15:37:50',NULL,'2014-01-17 15:37:50'),('9dde88a6-8215-11e3-ae10-6cae8b21aeaa','8290abe8-7fb7-11e3-ae10-6cae8b21aeaa','0aaafbb0-7fb7-11e3-ae10-6cae8b21aeaa','提现处理',NULL,'withdraw','@/withdraw/index','_main',1,NULL,'2014-01-17 15:37:50',NULL,'2014-01-17 15:37:50'),('9f76614e-7fb7-11e3-ae10-6cae8b21aeaa',NULL,'0aaafbb0-7fb7-11e3-ae10-6cae8b21aeaa','系统管理',NULL,'cogs','@/menu','_menu',4,NULL,'2014-01-17 15:37:50',NULL,'2014-01-17 15:37:50'),('9f893350-820f-11e3-ae10-6cae8b21aeaa','7649d102-7fb7-11e3-ae10-6cae8b21aeaa','0aaafbb0-7fb7-11e3-ae10-6cae8b21aeaa','客户信息',NULL,'user','@/user/index','_main',1,NULL,'2014-01-17 15:37:50',NULL,'2014-01-17 15:37:50');
insert  into `hm_payment_channel`(`id`,`name`,`subname`,`code`,`logo`,`order_`,`clazz`,`status`,`type`,`creator`,`create_time`,`updater`,`update_time`) values ('33f1865c-9a55-11e3-85fa-6cae8b21aeaa','国付宝','测试','goPaymentChannelImpl','data:image/png;base64,iVBORw0KGgoAAAANSUhEUgAAAJYAAAAoCAMAAAArH/PVAAAAA3NCSVQICAjb4U/gAAAC6FBMVEWcCRD26+vQjYzjegm6VlnlhHHUGAX4tQDkyq+qLTPZYhDwoQH3xFjesaLJCAD2v0D/+JjWSDbLfIDpfTbwp1HbTAHulDXw29vaWUzlgQjGNxr8//+uAgH74ni4Qz7/zADXm4zWXVbt0tPEGhbjuLrtmErSKx7jYCHgenLvlhXn18r/+sb+2iakHSP2xn68Li/XRyLbpqnphBfQIwG3JST9+fn+6k3BaG392RryysnjVxfztGnZOAffkI/ssav/7W7TVhO2Rknx7ebbcWvfbwzxny72qwDbfXnmm5jOhIb4xBP09e7uwL7YQxLwqF/90gHgwbPskga9FxatNzzHDhD6ySPHWFjcfVH2xHHldRnDJyTs49jaj1f41pju6N3oeCjli4TNUErSLAzTk5b6vAChFRv/+LLxpDzWOiXZc0bbaQ7am53WTkjDOTbzrR3YaGPhyLvqqqbera/RKBjyrETNRRb4z2DNdXXhc1q4EhDhUgj/6TXtzc7hZQvwnQz91A3xqhDbLgzKQDzIbnKnJSv3+/X51ob//NrNEgT12NbshyX82T/05OTMZmbdZUj0sCzhj3O3ODfstLLvliT77+7UNBncg4O6Hx7IR0X2/frnlIvKJBbRODL14OD3sgHmdAbkZhf66efbWQzoiAbgSxPsx8fCa2Dqhzn/3QXwnBz/9nX7wgDrvLuxP0Tmw8XWpJL8ygvcLgL78vHqo5r+4DDPFhPaIQLevKj++/vcW0C9XGHQCgv5ykX01NPztlrWlpj3wzbeQgPmah7RKwH0z8rZUSbLYGDdZ1r25+j75pzHMS3hdAr89vbOTxT0tUjypirhs7XofQbUJA/43tfblme2TE/Gcmn/////4Ra7BgH33Nv0zMPzpAD5uAD69fXcdDjwt6zxxMPkvL7/9GbxpBz+1wH6xQj526Lzx7ntt7fanqHjfAX66+v45OP68fH54dvWmZz////6/fr0+PH74n/79PP////ndgblUVUnAAAACXBIWXMAAAsSAAALEgHS3X78AAAAHnRFWHRTb2Z0d2FyZQBBZG9iZSBGaXJld29ya3MgQ1M1LjGrH0jrAAAAFnRFWHRDcmVhdGlvbiBUaW1lADAyLzIwLzE07fRQcQAAB+9JREFUWIXtmHlQ00kWx0M4lLByBCRG1wm3CAYJJBwSEAWBKAiJjiOwA+EIsBGMnOEKCGQQUFGRyyAoh4MI6HAacBjlUFmDIrJMjwqusMPugpCldC3/3f4lHDPDrokDzsxW7bcq1b/uft39qdf93q9/QYHfpFC/NsB/1v+xPkTyY13YjTMz89+36SPCLEleLLMbf7zrRaVGaCWuC/gFyOTCunDzL+u711Obmpram9pVTDhmPw9MvLpY/n9Yn1yro/PNlqamwMHzVjUqJnpfLDOa6fvH8PKhHvZLz7f5nbhVxFrLXm9sUVvroJ1Qkxfnu2eHVRr1lr7/T4wEVOpdy8TC+ZqQ6TGAlAN+SX2LJmgUqnH1sNZieA4O+7cYZx/W0Y7TPXmnJtmKzrsVFPBDm8L8mpZhyrBl4kI9Vt1UghX1tJgy39ZPI7KItp1Yo1XBWlvFO2z8+Qlz4/3ZOtrh4Ta+51Ps8NWKB4N2L9kIlc8OP4fLzxbN72OliboLUjY/YLhwpVypMVg+v5FEIqJCVgErAJOc7fD3EydOmJtbIN6ysUlptbtKVxs66H5hyapwtqPXUrkZ3BdI6+M5OVNIOfCAUZIUBPdTjKZxj+BIjylcFgoVs3KsP3fraDqYB/aYh1lo/0v7UXjgnZQzT6pDRd5ehj5Si0r4G7bspfbCk6XcIW1jqkcKYdHMZDCSGIcgVgHxdD/AqaqqEpVslVaOtbY7UDN7f9jlLQ7aFvu/0Y4L1wjfUdc2FOpKWFNW+kZikg8P1EtLaq8TfD4bgdAAoVZsPyymHjxl+EXjkKZDXMopGp+FaiyXjSQH1mfdCXG1gZ//KcwiMMwBni1dmzs12/ZOVlex1dgMibsod3ufA9BF7UUcxZRiPcvZADvcn2YWM0ol0xiwUsEuFIu1q18+KhlYAV6X9zzaHGgclp2taWycQO3RCBxMOZo+WaVY76poiH0NTSq9rKNBYWKwdWJfJRAUSfKCk/o4qMz0axGKS6RYuBIjUE7is2ikU6uB5dOUl7czIXBzdu1hHR3jjHaVmj1532+9NEmvqld7FZ+JBGNusLXTrLIg2LKlI+KfzCJJ2N03aS7XMiwWgtl5LDBhAIACn0hEqcqX6t+PdbZpz+Bfr13TrN2sE7el/fyd48m3tlrtpY9eJRDGqtklx6DJ817rFuWuDpX7nsw+4QYtZFRhWQuYLcg1fNDfvIAFdaWRRSSyOklKBivFupDffUbDRjchTndnnHHT7zSvpXjznnyfRnCuqKbX4xVLbkCbl9YQK9/aOl9g8lJYpI8M81AvAFPCLsbToFm/Ray5zjnoLOzECIp4fYVYb7SSz5z8Ok+j59HXcTW+1zR3tnpXlLnSx6wwazAEPL4EDW2eB3dQKJbWT4KDi1oqc5SRYZEXLxaPz+hzOEFd2xewaKzCxyxWlhhx2UoTxD6t5Lo83zMaOzR6dDPSYCa1I1QUJfOG6M4EjKIzvoyGGNl3USj2yomxMJMK1JEkWlkWHWk4MyB2hMlgEYukqsRnqeKwqqwReXKELG/VZVw+aTOYt+N80bvv7NIJoWqxPB7G9ziBHr8RegsJxVmtoogik1hBhIvgickMPFmRF8dzMmFHQ6lnLjlTOD+XEYpIbFRQeBHD33VF9r3ovVhfbKCmHU1pbU1JOTnoq6JG+FuoG6aNvtXbu35sbEwkPVswFiNyctQj3j6LUJe8n2cuFlD0OUhHeWlS0vaB+bkUDqBYqrS56RA+iv9iZVjAtJ1+/Ltt27a1tubVZWS8qq6uOsjDpxFCQ0PXuOHZZB+pKwaimYJnMLePeyAvItAsXLjxzZz+PXdxrlPozhFVPp94QIlGWb7SB2Gtu3Vp6Gq6HdSnPWlebW2GbTy8L6EeOquCLoo/99NL1zIJSW9/VKeIxeKB/2L7AVj+sclDFZOT6ZPpV/davYMSiay+klC5ubLJ376WZ4WfpfdjvY5sT3vnLVV6na+vq9XReSo6BlOyTmLzlsmMFtq7mM7kOpoKQLm7y7h9NOiCIfm2+HQDiDl9BBjNcSewaLi1A2hbI9w0bcWbCNa18ehuBKkm07/aC6EQqtFR0auNn+yWRBRHYB/57H5fNCc6ssu0JdrpSul4EChuAIDrmJo1fS+XFpN1m3QgNQsm9zmage3cAQM5LqgysN7oq+BFY/U/EIxBNzU1PNuZf0NCRdEqBMwpJqBwPJigwKWr2DST4m7AgQ65B68LWdNgAks7ZaC0KQTmdiwOgJgs8Fh2PpV1DTQri6VfgpEXComQIrTCbXR0FI9xJX45//UT6dms38cB9vrRLsDRkWOfGyX0zHTf1E+51/AC684Ft6ex5akjAH298AU6hoINsd0Us3IsoGfoVS0arV8jlRsCNarIdvX7xGzeYNxdEClmurs0TGU6ms54uDtyKAol9sAx9UoWN0SBi8aKp/txNBCDI03gsmjo6yHguuyXouwvH72DRXTX6oqKCjc3KRSdDaPwnNlCGDp5NuiLQaEQtLg3A0nGEhbck3YhR1vhR5PJTqTyYr3W8yvjKSqK6KMIFv0VW8R+WDJybLG/wcNxXPLQ5Tnf0nwEJ+fqK8AC4GYUY6OrIhvDZrMxGLbImUz+MkD2qI+OBQL0ohhl8Q+dnZ0fxm8kk5V8ln/r/xpYMN3fOBS1nUwmbz+369ub+z4uEiL5/9/ajTvm42Pm/+Yjwizpf/7fwF9Uv1GsfwN6RRd93e1xHgAAAABJRU5ErkJggg==',1,NULL,'00','00',NULL,'2014-02-20 12:34:08',NULL,'2014-02-20 12:34:08'),('5320f65a-788d-11e3-ae10-6cae8b21aeaa','中国工商银行','模拟','fakePaymentChannelImpl','data:image/png;base64,iVBORw0KGgoAAAANSUhEUgAAAJYAAAAoCAMAAAArH/PVAAAAA3NCSVQICAjb4U/gAAADAFBMVEUAAADwwsGdnZ3EEQpmZmY2NjbUUEv++fnFxcX55eQaGhq5ubnYYl6NjY3JJiDb29vmnJlWVlYODg6Dg4Pff3urq6vyy8lGRkYqKirT09Pn5+fssa52dnbOODL39/fGGBHcc2/iiYaZmZkGBgZeXl7Pz8+lpaXz8/MkJCT00dCxsbHWWFPh4eG/v78WFhbMzMzRRUBubm7pqKY9PT3x8fFRUVHMMCruubeHh4eRkZHkko/r6+t+fn4wMDAeHh722df7+/ujo6PX19fIIBnaaWTeenZaWlq1tbVmZmb19fUSEhI+Pj7EEwzXXFevr6/////77u7ooZ789PNOTk6Li4vVVVDDw8OhoaHl5eXvvbvggn6VlZXt7e2pqalycnK7u7sKCgoAAAD66el6enrf39/rrarQQTv5+fnll5T33dwmJibHx8fTTkguLi7LLCb11tVsbGzHHBbzzcxCQkJiYmLttbNKSkoiIiI5OTnppqTxxsTddXHIIhvZ2dlSUlLiioeZmZmtra3////NNC7BwcGPj4/SS0ZcXFwYGBjd3d2FhYXbbGjV1dXp6ekUFBTFFg+zs7PVVlH9+Pefn5/j4+PYYFy9vb3v7++np6eTk5Pvv74cHBwoKCj56ejhiISJiYmBgYG3t7czMzP44eDUU07JycksLCz////PPTcQEBDR0dHKKiTZZWB0dHTrrqvqq6nggX3zz87xxcNYWFgMDAxqamrGGhTjj4zopKHmmZZ8fHx4eHggICAEBAQICAjWWlXuu7n229pgYGBwcHD99vXffHhUVFT77e312NbJJR5ISEhAQEA6OjrMMiztt7X++/vddHDSSEP88fHpp6XklJFMTEzXX1vLLijvwL/KKCLzzctERETrsK3aamXIIRrHHxjqqafts6/33t3zz83bb2v66+v55uX009L10c/xycfXWlbQQj3ooqD9+PjFFxDdeHTFFA3nnpvGGBLvubffenjhhYHTUErhiYXZZ2LFEgrVV1LUUUz119bVVE799/X99fM4kWB7AAAACXBIWXMAAAsSAAALEgHS3X78AAAAHnRFWHRTb2Z0d2FyZQBBZG9iZSBGaXJld29ya3MgQ1M1LjGrH0jrAAAAFnRFWHRDcmVhdGlvbiBUaW1lADAxLzA4LzE0Y2gxYwAAB0ZJREFUWIXtmA9sG9Udx3/ci0ew43mOuWK74dpeYjvx7HgpKbVrp7PNsBXT+bHW2N4uji2SYZYsTZo2CWi0U5VmadKkjdakLZStaUYQpKNpA2FhWkWZiDa2bmWAgLJVIDZAiL+bxDQBm/beneOcnQQpk2iZ1K+S83tfv3f3uXe/3+9dAvgLKbjcAIvrCtZydAVrOcrHun3yg5GRkWs7Nl8Wmqxysdb/68tI0o3PrrhMRKLkWPc9hNAds989e/bs3c92I/TxU4vOcIf3LPci6UHL/471HYS+cTrbu+rf6MDMYjMOQXm2bZ8u2CGpoGCcGpxhIqva7LBEqlN2grIyjP0Rp04XMWecxl4NthVGiSYWYF1EF+7Luf5rq9ATeUgWi4ULQgtHRftOgP2VVCEAhhommJedGv16veKuSgCFokb/e3HNCgF+aTVDqLwcuqSzTmyEElwlzpm74yzWzaj7J3kQFTehyRyD3bs3FCoGKC4uVt5CjR5IaBwmk8lhdIJPvO8biFIQoh/ineuamgBaxsbIpPvPUaxqPVSe0VohYanbqxfPai2GNowHjrBEh/KwTqKt1+B8rVi1qlXeZ6BUqQxBSq9vgq7zxFCDVSHeZT0vYYkaA618Vj2w2JbaWy31tFDm9XoTAKWlMCY6BXAM/9mZe+UM1nPPbGrHf/uDqE9ev15q/AI/j74mHxyDehJP9Gx1UC5hJfwGDxyxuZ0yrBrYNT+nSrsdUluaYH9g107a56FL8WBbGFwTjsoHxRHuIRwAUPOibDlYG9ApjD+RasM9rZki8QG1OvKxojlYQVPJddBZYHDlYK3LttP7QVkeClVWlgNIGSycA30kDFqnB5oyg3phXX0mIFk51n+u33Yrxh+jkT92dHS8vJkeO/6EZjF+G/0zB6vq/PkktNTWNs5hqdiajdD1WLOwFJayEu/oxDvvH6yCQmpYElVQ7zgCKSjdPi2tViek6urs9qgCdNE6OdYk+jmmWBtkDBcpFu7+UJYIMUjR2IJUKgV6CesICVlgNlqXXK2jXQXQ6dQ91vKohGWga7LRB0yxdmi7kTp2KC1208YuUM1Nk7CeRGtFrO5vEq2+5sUniS6IWKvR+nksHoBm4hlaEJQSlplv+B1o9+uEJWIrffRXEfHpCL+WsLhmD6gbzWDvPAOKOHUOs7eAyLcFwrlYzyC61WRi68Kn87GFn0B3zmP1xSbSaRXUcFy1z4pFrMR1IWWTsrxnqUxMK5U2cJIc9rZJWBiHgccsmNhsaOGlsBCiG8332tvbK95F3V//cNvUaSJaMSbRGpwrO9Rk2z0QMdC6ZfJXSVhCgOhhOFpWVhY4mMEagHKtHtL1c1hDJO0KQTF9F6gzp7lBwlq3OBa+mmiKYG169VbavJpYa9EP87AOybDUsqIuYnXKjEAGS1NzLhBoqWrJZOLwFuiNj0JpjOwIvAzL0lCZj3UCvU2ORTcRbSNY76NXqT4i3gvoK3lYKtmeKDy8vTcgqqVU3OCM/nkZJayQuE3hBKT6xEaw6TjGCu0wqc5jmSpVI65WJyiHc7GK0Lvk+IAUUi/9NhNbNxNvH/p2Hladqjnb9mbfDNLDHF5UGk1mKKuRuYdzxjhUaXJsVLmzjoS1Eo1gmon7KioqXmn98V9JkLV/SczElw68sfjlPl9JWO899I/bF61bV6HbssbmqUuhp2RYpA7MUqyvrp2ZmVn53N3k+Pw71PoROpvFar3tUmiNHGvzCdROGES9/1YmtlbjGfT9z+9BfZbmXmzWoxNvrrz2FNULb3wkfp5acfrA469fXiy8Bm39Wd53U4/nvD/QxPNijiQ+5/XG4+4BzaAhTVPIK31JfmwkHS02zNkyHva6OY7svvMplpOC1fR9l/x+Bhb+Kdr2Ws5XGxD6S+7gZr4h7nIKzB5jjAmrGsIRNsZwJXEzgeF3q3iNwLuMRp0QdgnhklpXg8/o4YOmCHs8wSTCtSWHSWWzOtVpp0XXaA9GrdjKh8P9Krz7XvNurAqrj09Uu/wLsPC3Nm164OW5ztMr70AXpvLuIWr2MGo/N908yMZitSpvJHHQVxiwmsnSeHSFo+Yeo8PenMThIGaqDul0uqCnP6nxmHVJHGdMBfYExj7e5Z+OugTrI73YwuDmNqGRi2BLidBwUChJmOrZhVj4U1JPb9z395MnT95ZdA9CFxdUrD28qWSUMbuYIONQFwbdPX6e0TERp4kzRCIuU0HEyg8MuMbvjWlcvmNMpL8/4Sn0q8fVPoPAx/j+gxocY/n+Y6PH2TZGSHqFwXBD0uLV2ZKjBob1JXf41B5uIRaJpn1bM1nYPdu68IlXx9PuRlUU24dqo3av2xvH8b4+7HYkqwdx2oE1fpb8taMy1zrYYbcm7u/rc48PDcTPxx2832/DBmvC28jaNdjg56LD3nFs4O02El4modlANgNDes843nl4MSyMfzP5g6Kiotn1Ty+EupT6P/nXyBdEV7CWoytYy9F/AboaNfW7j0yEAAAAAElFTkSuQmCC',0,NULL,'00','01',NULL,'2014-01-08 12:50:13',NULL,'2014-01-08 12:50:13'),('ee8d5adc-7885-11e3-ae10-6cae8b21aeaa','中国银联','模拟',NULL,'data:image/png;base64,iVBORw0KGgoAAAANSUhEUgAAAJYAAAAoCAMAAAArH/PVAAAAA3NCSVQICAjb4U/gAAADAFBMVEUAAADGz9wZeXXqAAAAJWQAAka0rMFmZmaUlJQAaWMZGRn7/f2EhIRKSkr9en3vMzpveJw6OjqTnriywsDv7+8ESmaVIDuMjIxAi4sAWVP5t7pthaaElLMICAhSUlIpKSmRv71VZY8HOWe009HyW2HY3ubtHSX4FhteFDpzc3P4pKchK15dfKFra2ulpaXW1tbeGCSwwL/t7/R7sq8EMGYAa2ve3t6yzcutra0zMzMbRnqmy8kkgHw4K1kASl3m5ubDFyj7yMlpp6RlpqOwHjIQEBBuEDMAZmYOL2WEu7X82drtEBmZmZmntMh8I0LwQ0khISH2jpL0bnNaWloScm2yvs/oJS4IMGeBsa+3xNRSmpfd4+pCQkIFKGLF3tzmztT39/c2VoO1tbU1gn5FET3l8O8AL1oZPnIAGlu9vb1gJkt8fHzsBA3MzMzgusEAYVtZm5uZuM8DT2aYqcA9iIT5q64FMGkIKWu719Zab5Wnvb781Nb+7u52i6vxSU9yJEaBr6zzYmfuKjLH3uv+BgvtGSFJjpB0rava7en1gofM3+Ctzs0geHP3lZkadHQPJF////8AF1XSGicJb2vFxcWlHzX/7/fN1eDw9vYOM2udxsT/6OX/FRmqt8u8qLgAXVj5tbj0c3knSXpHiIUAVE4AKWOPorsJamUxiIScrMJ4jqy/x9crK1y31dRRJ1DvNj36vcCNvLrQ5ONNapIJQWWeur2KubfzZmvrAgoshIATOG2/39ihyMYAH1v1fYEIbmp/tLIifnrsCBCVo7zvKSkfPXFie577ycvg5u1YcZfyVFpGk4/e7OtDkY3xR01SnJxtqqfM4+GKnLewtcD3mZ2nzMpBKVUZLmMCW2UZKWPwPEP3GSEAcWXl5u4AMWwAa1rm9+/4EBa0sMLV5+WUwsAZc2uDtrT3KTHNz+DuICj4p6okR3mcrb33rbX++PjzaW0fQnXlGCF9la9KlZGKu7j2hoqFIkBPa5MmgX0wK1oJQWk5WIVxh6cxh4OgJDxcdJtau8woAAAACXBIWXMAAAsSAAALEgHS3X78AAAAHnRFWHRTb2Z0d2FyZQBBZG9iZSBGaXJld29ya3MgQ1M1LjGrH0jrAAAAFnRFWHRDcmVhdGlvbiBUaW1lADAxLzA4LzE0Y2gxYwAACTdJREFUWIXVmH9wFGcZxx/SOHd7u6uerm6D7i0aWjzq7TpXXO9EvUq6lnLbcvaCEXqN263RWS9rUIRB+aFFI0iwvm225pJQI9hAsCLSX9JiII2KrQanqJWOozgKw4iMLbZFq7bq897e3V72mJE/nLR9hsm+t+++u599nu/7PM8C5GVp8FIDXNheEVhfP/Sj3optv/q9azp8u/9Jpt7GTs4g1rqNVajeedcvrqf6NBOwsdKMYQ1vqlFtv/7EiXqq3waxmL0zhvXVGlXvX4/XU3Vc00DFbJ0xrLl+CK9aUx/CtzZSNZkzhfXUa/wYvnGas97QGMOfBW+UsSytOi6JnCsonFgzjk45HOfgIcUZxCrG0fCkbRgZVTEMg4sX8UUz8bgRxFrnx3D7J6ZhPdmINRHE4gDs6tgGiEhQbyohbA6AQ3YZIOedFAjBUYQOJTzrsgIPkhvEmt+b7c729nZ3I9d3pkvrmh60aVhrg1g8ROoR+VDN8jrILFFDHouhQySWz/MABUI0HbEoZCgPIDv4KlxDEG/I7ju/NJvdsaN33h2L16xprpNW09GjR8fqqfqT1VUWz9tFnucl0PmyhVhElE27am4pAnlC0giAjEUDQMRlikcQhTRRcYak0mnRSadDZgPW0u7zZO6BM2Td5PY7TywYvHlwQVVaPQ/S+aE6f43VViUgYAViRiBu1H5HLIAwIaFYSKtcL+uSJJVjnpEQLgyQt7l4nOqNywSxhi+fnE02dW8k5y/50tuam+9Lnh0fHx/twD/v+31nctu2LSWGcmEwRxjm8dqyKOQs9AmGyFAdJ0x94QAoBs+jf+RCoSCKAA7JxNB4vpAq4Nl0Gud0lFYKox1FwnC6+hJCEOub2d7hJdkDh8hPb331N94+fuSZ8Z17Vp1d8MKGPV9mzL6W9tLa9kvbX2zavKL/9HuYhdVVgg4heoyBTv2PCC4xKAehB7eiOpMGzZNWBKJ4TpOotEi8ctYuUnFJoZBIglhfye4j87u7V5PfPPWRe8jgjXt+bN512cBOsnxgy0OEnSJdbclkF/u82beZtDO1kkg949EVPAS9RPKQU9FNuMXSeNBywBOiWjLoKctCPD0tyzhXJFRw6YwF5c3iAlUgacDaODmXfP+SyeElPyf/fqzrHHvfqoFXHUkeKY2/+eAKMnR6UXtr1+6pqZ6TnV2PjzzCVlcZIFG/22X9EBKhCDLklZq0co4nblOnU55/dNwfUa0iLXRqSInFMEPIsZgWxFq/afJpsnrpfLLjhuEPfGrZv8i5Wcu+NnDdroHb/3TttaS/ZYRhF25jF7bsJV27mZW1lwmBVOQ4DhWTx0OIImior4xlo8x4O2WpBhW3Sv2jy7kUZiZHySc0joobpRXH9AGGHJCWj/X+3uyZn+DxVwf+MvujX9zwpmTzETM58PCsXc3JFWu30N3XVzrGtt09RBaNMHNqWLUbViwt0IfRxIrBcQWZw5CiuKsb04pgRoiDZEg0w1Z3sWuEMY/lw6LSEESs09ns0o2bJrObPnTFuwc/fm7B6M6bR0fPDi64jWlq9+pgf9PhkbWl3QzTWcNyy7nJ0iGqlo2lcdK1sChGUT5xTGAy1biQiYKuZqiQ4h5NyJOWiuHOseXXK9aKVx3WrbToZLOY5v9w1ZpRtI6O5uaHm2/v+CfT39/PHD6M/w73tIyRthHmtmCzpdbSM6Epg7f8rKVKCFKWFt0TRYAUBj7noq+otMSytKgWKqRBrAvU6ZtWsas+e8/W1pPJRT1bu+7tOpncf0tpLyavowEqWm3c6hg3pajGq6ZaFKS8J7ysjnkkBjK9kMXApfkITcC4DdOVvTwda0ljnR7fkNzzul3k2Bf6yBjDDu0nE52tp57ox2heGcQq0NRUMQRI5/2CiBVP89wUDYWUCOicgGoTU+WU4JmMspdUzKiJBqw/+1i9//CwRpddtvy6X5ChB0ulnodI59TUxMHkvX1NiNUaoMoAxGo/4hAwmhcq6g7TvkKgV6De1DAa+jlH5+jWKEd7OtYOvwW8Y7FXDG96gdz1luVk7xNdc+6eKD3Ldn5rggzdQut0VwBLqOu1iK1MN4utXGJZNqu6qCo6VquX4xBbNdy6JccVajepYi31Y3hnJYaP3Uge/eHv+k6dPNbW0pk8SOZgyjq4GaX1YjCG/3+rYA1f7mN9vqL4wVmPDv6dXDqn9OFt28iVC0n/CtL1CJZppq1uvRaOc44WK/eUlhjYoY6ITnFFrfpLIxdrFazv+cqa9+tqC8gmX7uHrOwzP9NyypwiZCHpI2tpE/EDf3lZSFLYqzyyFLh5jObVAlQCFgKVXKxVsD7oY73jeOXrYvDbu3b955lnjz63iGlqev70ov0T72xro2nV/3TNQzqlOnYRUFCsadiam1FSLBGUsO1xCoSNRDK2YBkCURRiWmGXsLbmGCpxnIxhEXqtY9oI7NhsA9atvrOurvXL2GqNf4xhRmjg8C8ey52zX6cViJbzAvYNmKRdMAp0IKo67WDoBk3TTJsX6Vk+AyHax4PoAO5HSc3Rg0EbZeBwY2rAN2Ct3+dL62/T2vgLfLiuqC2OeknUjOiWC7EwpCIRNwWhYlQzaPK0aSJKgZiHsKrncJCWbDUS4SCvxsCQdBtfK1HIhIHLyYEQe1irz/je+u7/+uh5rrq2pHsVX8WyoQGXl1LYRKHP3HxUB4v2hArNoyl8KNF5ERKUtaAXIENiuoF6NLHHoNc60ZxWX3qqWE/XJdMrLvp7Gnv2cslPYcQUUOSCgTAcFKWoQh+NildpObbwiSpS6wl0rolNYA77sgKHkzbIUjQVBTOvx6RMI9ahOqzgt1iQaqW/GFN0QswbHPbIIXx6PIF1hpei4LgSrXoxyKdCELKQ2kDqqIGfEjyIUgx9m8hDws7pMqi2lKY3KpJGrPX1kj/esdi3+wNYh9vqhEmKOk0PMWyUo3IKlAL6IVcQ6bcNLbsO/TKNmZzkkIRkSQkzSreCg22DJRlyRAfdxWvTEo/+jpQugIVd4OyaffKP9fbLBx743Os9e1dra+vUtNVEUFWTZND/GUHQTDrQBOK4bKYcEsGmRak8nTFxgtD6YmomETQVEgItNo5Dr1XAIBfEmmlTQPF/xCQ+MP2SYUX9fKBBLliWXhH/d/qysf8Ce5aIrGCSp9kAAAAASUVORK5CYII=',0,'com.jlfex.hermes.service.payment.FakePaymentChannelImpl','00','00',NULL,'2014-01-08 11:57:17',NULL,'2014-01-08 11:57:17');
insert  into `hm_payment_channel_attribute`(`id`,`channel`,`name`,`code`,`value`,`creator`,`create_time`,`updater`,`update_time`) values ('0a752ef4-9a79-11e3-85fa-6cae8b21aeaa','33f1865c-9a55-11e3-85fa-6cae8b21aeaa','识别码','VerficationCode','12345678',NULL,'2014-02-20 14:50:00',NULL,'2014-02-20 14:50:00'),('2ede7946-9a68-11e3-85fa-6cae8b21aeaa','33f1865c-9a55-11e3-85fa-6cae8b21aeaa','提交地址','postUrl','https://mertest.gopay.com.cn/PGServer/Trans/WebClientAction.do',NULL,'2014-02-20 14:50:00',NULL,'2014-02-20 14:50:00'),('3a1903fc-9a78-11e3-85fa-6cae8b21aeaa','33f1865c-9a55-11e3-85fa-6cae8b21aeaa','币种','currencyType','156',NULL,'2014-02-20 14:50:00',NULL,'2014-02-20 14:50:00'),('4b35862a-9a68-11e3-85fa-6cae8b21aeaa','33f1865c-9a55-11e3-85fa-6cae8b21aeaa','版本','version','2.1',NULL,'2014-02-20 14:50:00',NULL,'2014-02-20 14:50:00'),('63961220-9a68-11e3-85fa-6cae8b21aeaa','33f1865c-9a55-11e3-85fa-6cae8b21aeaa','字符集','charset','2',NULL,'2014-02-20 14:50:00',NULL,'2014-02-20 14:50:00'),('6edcb23a-7969-11e3-ae10-6cae8b21aeaa','5320f65a-788d-11e3-ae10-6cae8b21aeaa','支付地址','url','http://172.16.230.180:8080/hermes/fake/payment',NULL,'2014-01-09 15:05:48',NULL,'2014-01-09 15:05:48'),('708dce44-7977-11e3-ae10-6cae8b21aeaa','ee8d5adc-7885-11e3-ae10-6cae8b21aeaa','支付地址','url','http://172.16.230.180:8080/hermes/fake/payment',NULL,'2014-01-09 16:46:04',NULL,'2014-01-09 16:46:04'),('77c3bbee-9a68-11e3-85fa-6cae8b21aeaa','33f1865c-9a55-11e3-85fa-6cae8b21aeaa','语言','language','1',NULL,'2014-02-20 14:50:00',NULL,'2014-02-20 14:50:00'),('a6572b0c-9a78-11e3-85fa-6cae8b21aeaa','33f1865c-9a55-11e3-85fa-6cae8b21aeaa','转入帐号','virCardNoIn','0000000001000000584',NULL,'2014-02-20 14:50:00',NULL,'2014-02-20 14:50:00'),('a8f45ce6-9a68-11e3-85fa-6cae8b21aeaa','33f1865c-9a55-11e3-85fa-6cae8b21aeaa','加密方式','signType','1',NULL,'2014-02-20 14:50:00',NULL,'2014-02-20 14:50:00'),('be63a2e8-9a78-11e3-85fa-6cae8b21aeaa','33f1865c-9a55-11e3-85fa-6cae8b21aeaa','重复提交','isRepeatSubmit','1',NULL,'2014-02-20 14:50:00',NULL,'2014-02-20 14:50:00'),('c0db7a4c-9a68-11e3-85fa-6cae8b21aeaa','33f1865c-9a55-11e3-85fa-6cae8b21aeaa','交易代码','tranCode','8888',NULL,'2014-02-20 14:50:00',NULL,'2014-02-20 14:50:00'),('d1f42982-9a68-11e3-85fa-6cae8b21aeaa','33f1865c-9a55-11e3-85fa-6cae8b21aeaa','商户代码','merchantID','0000003358',NULL,'2014-02-20 14:50:00',NULL,'2014-02-20 14:50:00'),('daaccf1a-9a78-11e3-85fa-6cae8b21aeaa','33f1865c-9a55-11e3-85fa-6cae8b21aeaa','商品名称','goodsName','Hermes充值',NULL,'2014-02-20 14:50:00',NULL,'2014-02-20 14:50:00');
insert  into `hm_repay`(`id`,`name`,`code`,`clazz`,`status`,`creator`,`create_time`,`updater`,`update_time`) values ('0070e4bf-ba52-4c6e-99e4-3f1dd3ad7531','等额本息','Principal','com.jlfex.hermes.service.repay.MatchingRepayMethod','00',NULL,'2013-12-23 10:17:19',NULL,'2013-12-23 10:17:19');
insert  into `hm_product`(`id`,`repay`,`name`,`code`,`amount`,`period`,`rate`,`deadline`,`logo`,`description`,`view`,`manage_fee`,`manage_fee_type`,`status`,`creator`,`create_time`,`updater`,`update_time`) values ('e4a83c6f-cf4c-4bb4-bb34-2cf0e6c883dd','0070e4bf-ba52-4c6e-99e4-3f1dd3ad7531','工薪贷','01','5000,30000','3,24','10,24',5,NULL,'针对工薪阶层',NULL,'0.0050','00','00',NULL,'2014-01-01 16:38:00',NULL,'2014-01-01 16:38:08'),('e4a83c6f-cf4c-4bb4-bb34-2cf0e6c883ec','0070e4bf-ba52-4c6e-99e4-3f1dd3ad7531','学生贷','02','1000,10000','3,6','10,15',3,NULL,'面向学生人群',NULL,'0.0040','00','00',NULL,'2013-12-23 10:48:54',NULL,'2013-12-23 10:48:54');
insert  into `hm_properties`(`id`,`name`,`code`,`value`,`creator`,`create_time`,`updater`,`update_time`) values ('37c10838-793b-11e3-ae10-6cae8b21aeaa','充值手续费','fee.charge.rate','0.01',NULL,'2014-01-09 09:34:59',NULL,'2014-01-09 09:34:59'),('3fc8c856-795c-11e3-ae10-6cae8b21aeaa','客服电话','site.service.tel','400-123-45678',NULL,'2014-01-09 13:31:26',NULL,'2014-01-09 13:31:26'),('3fc922ba-795c-11e3-ae10-6cae8b21aeaa','工作时间','site.service.time','9:00~21:01',NULL,'2014-01-09 13:31:26',NULL,'2014-01-09 13:31:26'),('446c46f6-9b14-11e3-85fa-6cae8b21aeaa','提现手续费说明','fee.withdraw.desc','20000及以下每笔3元，20000-100000每笔5元',NULL,'2014-02-21 11:21:50',NULL,'2014-02-21 11:21:50'),('4ca151d8-74b1-11e3-ae10-6cae8b21aeaa','提现手续费','fee.withdraw.config','0:20000,3;20000:100000,5',NULL,'2014-01-03 14:57:39',NULL,'2014-01-03 14:57:39'),('4f0aaf8e-7559-11e3-ae10-6cae8b21aeaa','提现手续费方式','fee.withdraw.name','intervalWithdrawFee',NULL,'2014-01-04 11:00:18',NULL,'2014-01-04 11:00:18'),('55bc5546-7106-11e3-ae10-6cae8b21aeaa','首页标的数量','index.loan.size','5',NULL,'2013-12-29 22:56:17',NULL,'2013-12-29 22:56:17'),('59483e98-296f-460f-99b1-71decb4c96a8','公司名称','app.company.name','上海金鹿金融信息服务有限公司',NULL,'2014-02-25 09:35:50',NULL,'2014-02-25 09:35:50'),('5c73655e-6df6-11e3-ae10-6cae8b21aeaa','实名认证开关','auth.realname.switch','1',NULL,'2013-12-26 14:00:00',NULL,'2013-12-26 14:00:00'),('72aae572-6df6-11e3-ae10-6cae8b21aeaa','手机认证开关','auth.cellphone.switch','1',NULL,'2013-12-26 14:00:00',NULL,'2013-12-26 14:00:00'),('8affae86-6c4e-11e3-ae10-6cae8b21aeaa','用户认证标签','user.auth.labels','身份证,信用报告,房产证,工作证明',NULL,'2013-12-24 13:38:50',NULL,'2013-12-24 13:38:55'),('98757e78-9b39-11e3-85fa-6cae8b21aeaa','充值手续费说明','fee.charge.desc','每笔1%手续费',NULL,'2014-01-09 09:34:59',NULL,'2014-01-09 09:34:59'),('ab864f3b-d75c-43ff-a182-f5cc619cfcb9','公司地址','app.company.address','上海市浦东新区东方路969号中油阳光大厦12楼 ',NULL,'2014-02-25 09:42:09',NULL,'2014-02-25 09:42:09'),('c344e9de-7953-11e3-ae10-6cae8b21aeaa','版权所有','app.copyright','&copy; 2014 Hermes.com All rights reserved.',NULL,'2014-01-09 12:30:41',NULL,'2014-01-09 12:30:41'),('c76c686e-712b-11e3-ae10-6cae8b21aeaa','邮件服务器','mail.smtp.host','smtpcom.263xmail.com',NULL,'2013-12-30 03:24:19',NULL,'2013-12-30 03:24:19'),('c76cab62-712b-11e3-ae10-6cae8b21aeaa','邮件端口','mail.smtp.port','25',NULL,'2013-12-30 03:24:19',NULL,'2013-12-30 03:24:19'),('c8d8b45a-6c5d-11e3-ae10-6cae8b21aeaa','邮件认证失效','auth.mail.expire','2d',NULL,'2013-12-24 13:00:00',NULL,'2013-12-24 13:00:00'),('ca16e1f0-6616-478e-be93-5378476130cf','投标金额倍数','invest.bid.multiple','100',NULL,'2014-02-25 09:48:13',NULL,'2014-02-25 09:48:13'),('d3b950ec-95ba-11e3-85fa-6cae8b21aeaa','任务提醒通知地址','address.job.notice','yanlei@jinlufund.com',NULL,'2014-02-14 15:58:59',NULL,'2014-02-14 15:58:59'),('d4289700-7953-11e3-ae10-6cae8b21aeaa','备案号','app.icp','沪ICP证 100002号',NULL,'2014-01-09 12:31:09',NULL,'2014-01-09 12:31:09'),('e18c83d2-712b-11e3-ae10-6cae8b21aeaa','邮件帐号','mail.smtp.username','yanlei@jinlufund.com',NULL,'2013-12-30 03:25:03',NULL,'2013-12-30 03:25:03'),('e18ea2e8-712b-11e3-ae10-6cae8b21aeaa','邮件密码','mail.smtp.password','Wise_123',NULL,'2013-12-30 03:25:03',NULL,'2013-12-30 03:25:03'),('eed2b812-6df8-11e3-ae10-6cae8b21aeaa','短信失效时间','auth.sms.expire','30min',NULL,'2013-12-26 14:00:00',NULL,'2013-12-26 14:00:00'),('f5871988-712b-11e3-ae10-6cae8b21aeaa','邮件发送地址','mail.from','yanlei@jinlufund.com',NULL,'2013-12-30 03:25:36',NULL,'2013-12-30 03:25:36'),('f955fdfe-70fe-11e3-ae10-6cae8b21aeaa','应用标题','app.title','Hermes',NULL,'2013-12-29 22:03:35',NULL,'2013-12-29 22:03:35');
insert  into `hm_user`(`id`,`account`,`email`,`cellphone`,`sign_password`,`pay_password`,`status`,`type`,`creator`,`create_time`,`updater`,`update_time`) values ('3989f3f4-6848-4e17-a4a9-77b5369c120e','aaaaa','yanlei@jinlufund.com','18702168698','0b4e7a0e5fe84ad35fb5f95b9ceeac79',NULL,'01','00',NULL,'2014-12-30 10:07:00',NULL,'2014-12-30 10:07:10'),('e74428d8-7fb4-11e3-ae10-6cae8b21aeaa','admin','test_liwu@163.com','18702168698','21232f297a57a5a743894a0e4a801fc3',NULL,'00','10',NULL,'2014-01-17 15:21:10',NULL,'2014-01-17 15:21:10');
insert into `hm_navigation` (`id`, `parent`, `type`, `name`, `subname`, `code`, `path`, `target`, `order_`, `creator`, `create_time`, `updater`, `update_time`, `version`) VALUES ('26535db5-9555-11e4-90ca-b87932903a74', '9f76614e-7fb7-11e3-ae10-6cae8b21aeaa', '0aaafbb0-7fb7-11e3-ae10-6cae8b21aeaa', '参数设置', NULL, 'parameter', '@/parameter/index', '_main', '0', NULL, '2015-01-06 11:42:50', NULL, '2015-01-06 11:42:50', NULL);
insert into `hm_dictionary_type` (`id`, `name`, `code`, `status`, `creator`, `create_time`, `updater`, `update_time`, `version`) VALUES ('b6f885cb-956c-11e4-90ca-b87932903a74', '还款方式', 'repay_mode', '00', NULL, '2015-01-06 14:28:08', NULL, '2015-01-06 14:28:16', NULL);
insert into `hm_dictionary_type` (`id`, `name`, `code`, `status`, `creator`, `create_time`, `updater`, `update_time`, `version`) VALUES ('c5a9c0de-956c-11e4-90ca-b87932903a74', '费用类型', 'cost_type', '00', NULL, '2015-01-06 14:30:12', NULL, '2015-01-06 14:30:18', NULL);
insert into `hm_dictionary` (`id`, `type`, `name`, `code`, `order_`, `status`, `creator`, `create_time`, `updater`, `update_time`, `version`) VALUES ('e6acad61-956f-11e4-90ca-b87932903a74', 'b6f885cb-956c-11e4-90ca-b87932903a74', '等额本息', 'repaymode_1', '1', '00', NULL, '2015-01-06 14:50:52', NULL, '2015-01-06 14:50:56', NULL);
insert into `hm_dictionary` (`id`, `type`, `name`, `code`, `order_`, `status`, `creator`, `create_time`, `updater`, `update_time`, `version`) VALUES ('f07a4d87-956f-11e4-90ca-b87932903a74', 'b6f885cb-956c-11e4-90ca-b87932903a74', '等额本金', 'repaymode_2', '2', '00', NULL, '2015-01-06 14:52:04', NULL, '2015-01-06 14:52:09', NULL);
insert into `hm_navigation` (`id`, `create_time`, `creator`, `update_time`, `updater`, `version`, `code`, `name`, `order_`, `path`, `subname`, `target`, `parent`, `type`) values('9f893350-820f-11e3-ae10-6cae8b21aeab','2015-01-06 13:36:25',NULL,'2015-01-06 13:36:30',NULL,NULL,'barcode','产品管理','1','@/product/index',NULL,'_main',NULL,'0aaafbb0-7fb7-11e3-ae10-6cae8b21aeaa');
insert into `hm_properties` (`id`, `create_time`, `creator`, `update_time`, `updater`, `version`, `code`, `name`, `value`) values('f955fdfe-70fe-11e3-ae10-6cae8b21aea1',NULL,NULL,NULL,NULL,NULL,'product.rate.loan','借款手续费费率','0.1');
insert into `hm_properties` (`id`, `create_time`, `creator`, `update_time`, `updater`, `version`, `code`, `name`, `value`) values('f955fdfe-70fe-11e3-ae10-6cae8b21aea2',NULL,NULL,NULL,NULL,NULL,'product.rate.risk','风险金费率','0.2');
insert  into `hm_user` (`id`, `account`, `email`, `cellphone`, `sign_password`, `pay_password`, `status`, `type`, `creator`, `create_time`, `updater`, `update_time`) VALUES('crop',NULL,NULL,NULL,'1234567890',NULL,'00','10',NULL,'2014-01-17 15:21:10',NULL,'2014-01-17 15:21:10') ;
insert  into `hm_user_account` (`id`, `user`, `balance`, `status`, `type`, `creator`, `create_time`, `updater`, `update_time`, `minus_`) VALUES('1a27f0ac-990c-11e3-8035-e41f13befebc','crop','390.0000','00','16',NULL,'2014-01-10 12:43:20',NULL,'2014-05-17 00:00:00','0');
insert  into `hm_user_account` (`id`, `user`, `balance`, `status`, `type`, `creator`, `create_time`, `updater`, `update_time`,  `minus_`) VALUES('99922dca-9485-11e3-8035-e41f13befebc','crop','480.0000','00','14',NULL,'2014-01-10 12:43:20','e74428d8-7fb4-11e3-ae10-6cae8b21aeaa','2014-02-27 14:41:12','0');
insert  into `hm_user_account` (`id`, `user`, `balance`, `status`, `type`, `creator`, `create_time`, `updater`, `update_time`,  `minus_`) VALUES('b237ea6c-7a1e-11e3-ae10-6cae8b21aeaa','crop','-397724.8700','00','10',NULL,'2014-01-10 12:43:20','29528b8d-473b-44be-8b87-c10e58b87141','2014-04-24 05:30:46','0');
insert  into `hm_user_account` (`id`, `user`, `balance`, `status`, `type`, `creator`, `create_time`, `updater`, `update_time`,  `minus_`) VALUES('b23827ca-7a1e-11e3-ae10-6cae8b21aeaa','crop','3937.8700','00','11',NULL,'2014-01-10 12:43:20','29528b8d-473b-44be-8b87-c10e58b87141','2014-04-24 05:30:46','0');
insert  into `hm_user_account` (`id`, `user`, `balance`, `status`, `type`, `creator`, `create_time`, `updater`, `update_time`,  `minus_`) VALUES('b842ae02-9485-11e3-8035-e41f13befebc','crop','600.0000','00','15',NULL,'2014-01-10 12:43:20','e74428d8-7fb4-11e3-ae10-6cae8b21aeaa','2014-02-27 14:41:12','0');
insert  into `hm_user_account` (`id`, `user`, `balance`, `status`, `type`, `creator`, `create_time`, `updater`, `update_time`,  `minus_`) VALUES('d2f5fc72-83af-11e3-ae10-6cae8b21aeaa','crop','200.0000','00','12',NULL,'2014-01-10 12:43:20','e74428d8-7fb4-11e3-ae10-6cae8b21aeaa','2014-05-17 00:32:42','0');
insert  into `hm_user_account` (`id`, `user`, `balance`, `status`, `type`, `creator`, `create_time`, `updater`, `update_time`,  `minus_`) VALUES('ddeb3d86-83af-11e3-ae10-6cae8b21aeaa','crop','12.0000','00','13',NULL,'2014-01-10 12:43:20','e74428d8-7fb4-11e3-ae10-6cae8b21aeaa','2014-05-17 00:32:42','0');
insert  into `hm_user_account` (`id`, `user`, `balance`, `status`, `type`, `creator`, `create_time`, `updater`, `update_time`,  `minus_`) VALUES('ea0bea24-a025-11e3-8035-e41f13befebc','crop','0.0000','00','17',NULL,'2014-01-10 12:43:20',NULL,'2014-03-17 00:00:00','0');
insert  into `hm_rate` (`id`, `product`, `rate`, `type`, `creator`, `create_time`, `updater`, `update_time`) values('b4173670-979d-11e3-8035-e41f13befebc','e4a83c6f-cf4c-4bb4-bb34-2cf0e6c883dd','0.02000000','03',NULL,'2014-02-18 00:00:00',NULL,'2014-02-18 00:00:00');
insert  into `hm_rate` (`id`, `product`, `rate`, `type`, `creator`, `create_time`, `updater`, `update_time`) values('b417568c-979d-11e3-8035-e41f13befebc','e4a83c6f-cf4c-4bb4-bb34-2cf0e6c883dd','0.03000000','04',NULL,'2014-02-17 00:00:00',NULL,'2014-02-17 00:00:00');
insert  into `hm_rate` (`id`, `product`, `rate`, `type`, `creator`, `create_time`, `updater`, `update_time`) values('d9baf1fa-979d-11e3-8035-e41f13befebc','e4a83c6f-cf4c-4bb4-bb34-2cf0e6c883ec','0.02000000','03',NULL,'2014-02-18 00:00:00',NULL,'2014-02-18 00:00:00');
insert  into `hm_rate` (`id`, `product`, `rate`, `type`, `creator`, `create_time`, `updater`, `update_time`) values('e7d56ba8-979d-11e3-8035-e41f13befebc','e4a83c6f-cf4c-4bb4-bb34-2cf0e6c883ec','0.03000000','04',NULL,'2014-02-17 00:00:00',NULL,'2014-02-17 00:00:00');
insert into `hm_navigation` (`id`, `create_time`, `creator`, `update_time`, `updater`, `version`, `code`, `name`, `order_`, `path`, `subname`, `target`, `parent`, `type`) values('9f893350-820f-11e3-ae10-6cae8b21aeac','2015-01-11 13:36:25',NULL,'2015-01-11 13:36:30',NULL,NULL,'road','内容管理','1','@/menu',NULL,'_menu',NULL,'0aaafbb0-7fb7-11e3-ae10-6cae8b21aeaa');
insert into `hm_navigation` (`id`, `create_time`, `creator`, `update_time`, `updater`, `version`, `code`, `name`, `order_`, `path`, `subname`, `target`, `parent`, `type`) values('9f893350-820f-11e3-ae10-6cae8b21aead','2015-01-11 13:36:26',NULL,'2015-01-11 13:36:31',NULL,NULL,'classification','分类管理','0','@/content/categoryIndex',NULL,'_main','9f893350-820f-11e3-ae10-6cae8b21aeac','0aaafbb0-7fb7-11e3-ae10-6cae8b21aeaa');
insert into `hm_navigation` (`id`, `create_time`, `creator`, `update_time`, `updater`, `version`, `code`, `name`, `order_`, `path`, `subname`, `target`, `parent`, `type`) values('9f893350-820f-11e3-ae10-6cae8b21aeae','2015-01-11 13:36:27',NULL,'2015-01-11 13:36:32',NULL,NULL,'publish','发布内容','2','@/content/publish',NULL,'_main','9f893350-820f-11e3-ae10-6cae8b21aeac','0aaafbb0-7fb7-11e3-ae10-6cae8b21aeaa');
insert into `hm_navigation` (`id`, `create_time`, `creator`, `update_time`, `updater`, `version`, `code`, `name`, `order_`, `path`, `subname`, `target`, `parent`, `type`) values('9f893350-820f-11e3-ae10-6cae8b21aeaf','2015-01-11 13:36:28',NULL,'2015-01-11 13:36:33',NULL,NULL,'friendlink','友情链接','3','@/content/friendLink',NULL,'_main','9f893350-820f-11e3-ae10-6cae8b21aeac','0aaafbb0-7fb7-11e3-ae10-6cae8b21aeaa');
insert into `hm_navigation` (`id`, `create_time`, `creator`, `update_time`, `updater`, `version`, `code`, `name`, `order_`, `path`, `subname`, `target`, `parent`, `type`) values('9f893350-820f-11e3-ae10-6cae8b21aeah','2015-01-11 13:36:30',NULL,'2015-01-11 13:36:35',NULL,NULL,'childcontent','内容管理','1','@/content/contentIndex',NULL,'_main','9f893350-820f-11e3-ae10-6cae8b21aeac','0aaafbb0-7fb7-11e3-ae10-6cae8b21aeaa');
INSERT INTO `hermes`.`hm_navigation` (`id`, `create_time`, `creator`, `update_time`, `updater`, `version`, `code`, `name`, `order_`, `path`, `subname`, `target`, `parent`, `type`) VALUES ('9f893350-820f-11e3-ae10-6cae8b21aeag', '2015-01-11 13:36:29', NULL, '2015-01-11 13:36:34', NULL, NULL, 'tmpNotice', '临时公告', '4', '@/content/tmpNotice', NULL, '_main', '9f893350-820f-11e3-ae10-6cae8b21aeac', '0aaafbb0-7fb7-11e3-ae10-6cae8b21aeaa');

insert into `hm_dictionary_type` (`id`, `name`, `code`, `status`, `creator`, `create_time`, `updater`, `update_time`, `version`) VALUES ('176c9150-7103-11e3-ae10-6cae8b21aeab', '产品担保方式', 'product.guarantee', '00', NULL, '2013-12-29 22:33:04', NULL, '2013-12-29 22:33:04', 0);
insert into `hm_dictionary_type` (`id`, `name`, `code`, `status`, `creator`, `create_time`, `updater`, `update_time`, `version`) VALUES ('176c9150-7103-11e3-ae10-6cae8b21aeac', '产品用途', 'product.purpose', '00', NULL, '2013-12-29 22:33:04', NULL, '2013-12-29 22:33:04', 0);
insert into `hm_dictionary_type` (`id`, `name`, `code`, `status`, `creator`, `create_time`, `updater`, `update_time`, `version`) VALUES ('176c9150-7103-11e3-ae10-6cae8b21aead', '产品招标期限', 'product.deadline', '00', NULL, '2013-12-29 22:33:04', NULL, '2013-12-29 22:33:04', 0);
insert into `hm_dictionary` (`id`, `type`, `name`, `code`, `order_`, `status`, `creator`, `create_time`, `updater`, `update_time`, `version`) VALUES ('f15df3f6-9230-11e3-8035-e41f13befebd', '176c9150-7103-11e3-ae10-6cae8b21aead', '2', 'a1', '0', '00', NULL, '2015-01-06 14:50:52', NULL, '2015-01-06 14:50:56', 0);
insert into `hm_dictionary` (`id`, `type`, `name`, `code`, `order_`, `status`, `creator`, `create_time`, `updater`, `update_time`, `version`) VALUES ('f15df3f6-9230-11e3-8035-e41f13befebe', '176c9150-7103-11e3-ae10-6cae8b21aead', '3', 'a2', '1', '00', NULL, '2015-01-06 14:50:52', NULL, '2015-01-06 14:50:56', 0);
insert into `hm_dictionary` (`id`, `type`, `name`, `code`, `order_`, `status`, `creator`, `create_time`, `updater`, `update_time`, `version`) VALUES ('f15df3f6-9230-11e3-8035-e41f13befebf', '176c9150-7103-11e3-ae10-6cae8b21aeac', '资金周转', 'b1', '0', '00', NULL, '2015-01-06 14:50:52', NULL, '2015-01-06 14:50:56', 0);
insert into `hm_dictionary` (`id`, `type`, `name`, `code`, `order_`, `status`, `creator`, `create_time`, `updater`, `update_time`, `version`) VALUES ('f15df3f6-9230-11e3-8035-e41f13befebg', '176c9150-7103-11e3-ae10-6cae8b21aeab', '担保公司担保', 'c1', '0', '00', NULL, '2015-01-06 14:50:52', NULL, '2015-01-06 14:50:56', 0);
insert  into hm_navigation(id,parent,type,name,subname,code,path,target,order_,creator,create_time,updater,update_time) values ('9dde88a6-8215-11e3-ae10-6cae8b21aeaaee','8290abe8-7fb7-11e3-ae10-6cae8b21aeaa','0aaafbb0-7fb7-11e3-ae10-6cae8b21aeaa','风险金账户',NULL,'withdraw','@/withdraw/riskAccount','_main',1,NULL,'2014-01-17 15:37:50',NULL,'2014-01-17 15:37:50');
insert  into `hm_user_account` (`id`, `user`, `balance`, `status`, `type`, `creator`, `create_time`, `updater`, `update_time`,  `minus_`, `version`) VALUES('6bad933e-73ee-11e3-ae10-6cae8b21aeaa','e74428d8-7fb4-11e3-ae10-6cae8b21aeaa','10000.0000','00','15',NULL,'2014-01-10 12:43:20',NULL,'2014-03-17 00:00:00','0',0);
insert into hm_transaction(id,create_time,creator,update_time, updater, amount,datetime,source_after_balance,source_before_balance,target_after_balance,target_before_balance,type,source_user_account,target_user_account)values('6bad933e-73ee-11e3-ae10-6cae8b23aeaa','2014-01-17 15:37:50','admin','2014-01-17 15:37:50','admin',2000,'2014-01-17 15:37:50',1000,1000,1000,1000,'60','6bad933e-73ee-11e3-ae10-6cae8b21aeaa','6bad933e-73ee-11e3-ae10-6cae8b21aeaa'   );
insert into `hm_text` (`id`, `reference`, `text`, `type`, `creator`, `create_time`, `updater`, `update_time`, `version`) values('afa431f4-9a65-11e3-85fa-6cae8b21aeaa',NULL,'${validateCode}(短信校验码，请勿泄露)，需要你进行手机校验。如非本人操作请致电123-1234-123','10',NULL,'2014-02-26 00:00:00',NULL,'2014-02-26 00:00:00',NULL);

insert into `hm_navigation` (`id`, `parent`, `type`, `name`, `subname`, `code`, `path`, `target`, `creator`, `create_time`, `updater`, `update_time`, `order_`, `version`) values('20aff486-5221-4204-8a82-8161c752629d',NULL,'0aaafbb0-7fb7-11e3-ae10-6cae8b21aeaa','债权转让',NULL,'qrcode','@/menu','_menu',NULL,'2015-01-10 14:34:45',NULL,'2015-01-10 14:34:48','5',NULL);
insert into `hm_navigation` (`id`, `parent`, `type`, `name`, `subname`, `code`, `path`, `target`, `creator`, `create_time`, `updater`, `update_time`, `order_`, `version`) values('09b3fd08-28b6-4bfb-aca6-a70ffc522524','20aff486-5221-4204-8a82-8161c752629d','0aaafbb0-7fb7-11e3-ae10-6cae8b21aeaa','债权人管理',NULL,'creditor','@/credit/index','_main',NULL,'2015-01-10 15:13:55',NULL,'2015-01-10 15:14:00','0',NULL);
insert into `hm_navigation` (`id`, `parent`, `type`, `name`, `subname`, `code`, `path`, `target`, `creator`, `create_time`, `updater`, `update_time`, `order_`, `version`) values('9123af94-c71c-487b-86d0-1b0b6f6b9c35','20aff486-5221-4204-8a82-8161c752629d','0aaafbb0-7fb7-11e3-ae10-6cae8b21aeaa','债权发售',NULL,'sell','@/credit/sellIndex','_main',NULL,'2015-01-14 15:45:48',NULL,'2015-01-14 15:45:50','3',NULL);
insert into `hm_navigation` (`id`, `parent`, `type`, `name`, `subname`, `code`, `path`, `target`, `creator`, `create_time`, `updater`, `update_time`, `order_`, `version`) values('b4373928-ce86-4e5d-abe5-8e3782e19f27','20aff486-5221-4204-8a82-8161c752629d','0aaafbb0-7fb7-11e3-ae10-6cae8b21aeaa','债权导入','','assign','@/credit/assign','_main',NULL,'2015-01-10 15:37:50',NULL,'2015-01-10 15:37:53','2',NULL);

insert into `hm_article_category` (`id`, `parent`, `name`, `code`, `status`, `creator`, `create_time`, `updater`, `update_time`, `version`, `level`) VALUES ('d82d503c-9efe-11e4-aae2-1f2b79deec07', NULL, '帮助中心', 'help_center', '00', NULL, '2013-12-29 21:41:09', NULL, '2013-12-29 21:41:09', NULL, '一级');
insert into `hm_article_category` (`id`, `parent`, `name`, `code`, `status`, `creator`, `create_time`, `updater`, `update_time`, `version`, `level`) VALUES ('c50eb8f4-9c68-11e4-8103-78e411a5083b', NULL, '其他分类', 'other', '00', NULL, '2015-01-15 11:44:54', NULL, '2015-01-15 11:44:58', NULL, '一级');
insert into `hm_article_category` (`id`, `parent`, `name`, `code`, `status`, `creator`, `create_time`, `updater`, `update_time`, `version`, `level`) VALUES ('6ef4a950-9acd-11e4-80c7-761f38bb03da', 'd82d503c-9efe-11e4-aae2-1f2b79deec07', '基础知识', 'basic_knowledge', '00', NULL, '2015-01-13 10:40:52', NULL, '2015-01-13 10:40:58', NULL, '二级');
insert into `hm_article_category` (`id`, `parent`, `name`, `code`, `status`, `creator`, `create_time`, `updater`, `update_time`, `version`, `level`) VALUES ('ab04ab6c-9acd-11e4-80c7-761f38bb03da', '6ef4a950-9acd-11e4-80c7-761f38bb03da', '了解易联', 'know_yilian', '00', NULL, '2015-01-13 10:42:44', NULL, '2015-01-13 10:42:48', NULL, '三级');

#add by gaojice
INSERT INTO `hm_navigation` (`id`, `parent`, `type`, `name`, `subname`, `code`, `path`, `target`, `order_`, `creator`, `create_time`, `updater`, `update_time`, `version`) VALUES ('26535db5-9555-11e4-90ca-b87932903a75','9f76614e-7fb7-11e3-ae10-6cae8b21aeaa','0aaafbb0-7fb7-11e3-ae10-6cae8b21aeaa','配置管理',NULL,'parameter','@/system/properties','_main','1',NULL,'2015-01-06 11:42:50',NULL,'2015-01-06 11:42:50',NULL);
insert into `hm_properties` (`id`, `create_time`, `creator`, `update_time`, `updater`, `version`, `code`, `name`, `value`) values('f955fdfe-70fe-11e3-ae10-6cae8b21aea3',NULL,NULL,NULL,NULL,NULL,'app.logo','平台logo','afa431f4-9a65-11e3-85fa-6cae8b21aeab');
insert into `hm_properties` (`id`, `create_time`, `creator`, `update_time`, `updater`, `version`, `code`, `name`, `value`) values('f955fdfe-70fe-11e3-ae10-6cae8b21aea4',NULL,NULL,NULL,NULL,NULL,'app.operation.nickname','平台简称','hermes');
insert into `hm_properties` (`id`, `create_time`, `creator`, `update_time`, `updater`, `version`, `code`, `name`, `value`) values('f955fdfe-70fe-11e3-ae10-6cae8b21aea5',NULL,NULL,NULL,NULL,NULL,'app.operation.name','平台名称','hermes');
insert into `hm_properties` (`id`, `create_time`, `creator`, `update_time`, `updater`, `version`, `code`, `name`, `value`) values('f955fdfe-70fe-11e3-ae10-6cae8b21aea6',NULL,NULL,NULL,NULL,NULL,'app.company.city','公司所在地','上海');
insert into `hm_properties` (`id`, `create_time`, `creator`, `update_time`, `updater`, `version`, `code`, `name`, `value`) values('f955fdfe-70fe-11e3-ae10-6cae8b21aea7',NULL,NULL,NULL,NULL,NULL,'app.company.contact','公司地址','上海市浦东新区东方路969号中油阳光大厦12楼');
insert into `hm_properties` (`id`, `create_time`, `creator`, `update_time`, `updater`, `version`, `code`, `name`, `value`) values('f955fdfe-70fe-11e3-ae10-6cae8b21aea8',NULL,NULL,NULL,NULL,NULL,'app.website','平台网址','http://hermes.jlfex.com');
insert into `hm_properties` (`id`, `create_time`, `creator`, `update_time`, `updater`, `version`, `code`, `name`, `value`) values('f955fdfe-70fe-11e3-ae10-6cae8b21aea9',NULL,NULL,NULL,NULL,NULL,'product.rate.risk','风险金费率','0.2');
insert into `hm_properties` (`id`, `create_time`, `creator`, `update_time`, `updater`, `version`, `code`, `name`, `value`) values('f955fdfe-70fe-11e3-ae10-6cae8b21aeb0',NULL,NULL,NULL,NULL,NULL,'app.customer.service.email','客服邮箱','service@hermes.com');
insert into `hm_properties` (`id`, `create_time`, `creator`, `update_time`, `updater`, `version`, `code`, `name`, `value`) values('f955fdfe-70fe-11e3-ae10-6cae8b21aeb2',NULL,NULL,NULL,NULL,NULL,'auth.email.expire','邮件认证失效时间','24小时');	
insert into `hm_text` (`id`, `reference`, `text`, `type`, `creator`, `create_time`, `updater`, `update_time`, `version`) values('afa431f4-9a65-11e3-85fa-6cae8b21aeab',NULL,'data:image/png;base64,iVBORw0KGgoAAAANSUhEUgAAAKwAAAAqCAYAAAAu2LAdAAAAGXRFWHRTb2Z0d2FyZQBBZG9iZSBJbWFnZVJlYWR5ccllPAAAA2ZpVFh0WE1MOmNvbS5hZG9iZS54bXAAAAAAADw/eHBhY2tldCBiZWdpbj0i77u/IiBpZD0iVzVNME1wQ2VoaUh6cmVTek5UY3prYzlkIj8+IDx4OnhtcG1ldGEgeG1sbnM6eD0iYWRvYmU6bnM6bWV0YS8iIHg6eG1wdGs9IkFkb2JlIFhNUCBDb3JlIDUuMy1jMDExIDY2LjE0NTY2MSwgMjAxMi8wMi8wNi0xNDo1NjoyNyAgICAgICAgIj4gPHJkZjpSREYgeG1sbnM6cmRmPSJodHRwOi8vd3d3LnczLm9yZy8xOTk5LzAyLzIyLXJkZi1zeW50YXgtbnMjIj4gPHJkZjpEZXNjcmlwdGlvbiByZGY6YWJvdXQ9IiIgeG1sbnM6eG1wTU09Imh0dHA6Ly9ucy5hZG9iZS5jb20veGFwLzEuMC9tbS8iIHhtbG5zOnN0UmVmPSJodHRwOi8vbnMuYWRvYmUuY29tL3hhcC8xLjAvc1R5cGUvUmVzb3VyY2VSZWYjIiB4bWxuczp4bXA9Imh0dHA6Ly9ucy5hZG9iZS5jb20veGFwLzEuMC8iIHhtcE1NOk9yaWdpbmFsRG9jdW1lbnRJRD0ieG1wLmRpZDo5MEQ2NEYyMDM1NTNFMzExQUU0NUU2MTNFMjEwMDI4MSIgeG1wTU06RG9jdW1lbnRJRD0ieG1wLmRpZDpGODc2RUIxRjY2QzUxMUUzOTEyQjgwODMxMDMzODlEOSIgeG1wTU06SW5zdGFuY2VJRD0ieG1wLmlpZDpGODc2RUIxRTY2QzUxMUUzOTEyQjgwODMxMDMzODlEOSIgeG1wOkNyZWF0b3JUb29sPSJBZG9iZSBQaG90b3Nob3AgQ1M2IChXaW5kb3dzKSI+IDx4bXBNTTpEZXJpdmVkRnJvbSBzdFJlZjppbnN0YW5jZUlEPSJ4bXAuaWlkOkU4MDZEOTA0MjI2NkUzMTE5RThDQzFGNkM5QkY2Qjc3IiBzdFJlZjpkb2N1bWVudElEPSJ4bXAuZGlkOjkwRDY0RjIwMzU1M0UzMTFBRTQ1RTYxM0UyMTAwMjgxIi8+IDwvcmRmOkRlc2NyaXB0aW9uPiA8L3JkZjpSREY+IDwveDp4bXBtZXRhPiA8P3hwYWNrZXQgZW5kPSJyIj8+Oqi2cgAADy5JREFUeNrsXQmwHUUVvd0z7/2fxLAEDIKJIFBRKEBFlKhlYSkqllWKS1xY4wa4soqWoGBAXCJETFBKUMoVKQ2isqgsooUoKqAFiIiAikWIGElIyPLfm2m769/m33ff7Z6et/z8T9FVt/5782Z6bnff9fSd+Uqd+zvApi0Z/Oz/uqbI3xLSmgr0Y9hnRX437Bx6nmbnlPiXfjaMV2ksEp8G6jVpHHzc0n1V4rG6vNKx0/mAHsYGfcwFDHiexabZBBt2PGXhlXDMVDBoKv4qgUd6jiYKpgj538vECTKJipd6jWGKVVeA6woL778U5l8NUWDNgM+rLbCaDZSSYefXYUZFJtAErJMiE2+Ea8pEBVFDXJCYEFYp7QstvaoGn6YGD1yBVQ+KOZlNpfKUs+8x96oF19PLwpsE96kFgdSR0CEUjhimcMN2h6ZiXL41LF1gaQ9L8yxtCQgeRI5DogHQPSjeZDdpTU3Iwio2OMnNmIpJ7JVJE2BWisPKiPUyQr+KWenJdIdV9zzc0osszbH0ycC5puK4RNwrZjXCI5gCQpsUEviBajZwILGiZpOV9ehGVI240CTGvibg/kyiO0zhr+71OnLONpa+SO5zgqV9+3DToaTYf9cRfhRMs0YtaslcnaNCCODdNe0etXYQ1q5KuE0f7s5Esv7U60s2l7wts7QD+X2mpS8J4VlqTG4C4UgZ+DyVQoGeBNZEYiMVGaCazppaYSEHFfrw619h6Sjh91da+lCCBY0hKaG1Kp9Ea/OEqyiFjNxE4BmdEiBP09YLHMSFylnLEXbOqKXPMUtK73EaJmEx1CHEZwg3f7Kti9KRJIyC9BLgryZbuyYxW02FgyS3PMPSlZhYARPIAyN97GjpyyjYvrlwYamlZ9TgoYQncaPafrCl7S21cKLWW7rR0gamrToyKTtZ2odY7seZsJfknm08L8dYuYHn5iRZcJ9nWXrA0u0MFnqBpSZRKC9cPiEsGN8l4b1BjufYzxpLd1na3IeF2g6F9aWWdrH0bZxP/1uVEsxF/n17vaUTYRyzfRvyWAXtaTKPB5I1pbtgGsdpmAxkOG858bCaoA1u3sYsXUfGJSnefnhumyV80toUDNHQZE3+ZenPJJcCRbZm16Nw+EFtxJjrNkHg2sIkud8utHQsuYFm14Yw3pJMEj3PX3+LpZcRRdnf0s04KMP6NYHQxQg8GTJJ7vt9lj5q6cc9hDrzcCGfQxTkCEuX4vddUOnmBvBHR4dZugx/cyHFH9AAAF77Tkv3QniLlo7fGY/fWHoW+b0AeXMoBSf3565FY/Egu79bi5MsfQDvDcyItFl/WcBDZeT7DZbeZWmV/12S/iwQGgDpTBPNk3axMhRATfrKyDX0uCZazs/zPGzDJjVjEBL/q4VzJJ40G++ellZaekdNYXWKfYelBUxZziGx7EOWLoFObJsq7i1EUVx7r6W9yXcnJD9DZa0Kl/w8zsQx5/i9iZ8bSDmZl1z4jR6jfXAPm2Ho4sY7H89pkr40OdYkfGTsHk0iDzmGR5pbRiAumrd2BPc0hFkN9Xe/6rSS8dpLDG0E+ClUgHOxpacLSdMe6PK2xVh1tqX3o2XdTrjfrpY+SI4tRQulmYUvEO7aTGLXkwX8dDdLV6Orz5hxaDAlHUMaJrLk2+E4D73kGqbCstNNJJUn4HuSBS0YMN0LSF+nNdgktfpMpJSQRNLvThjPwkWgLu8GdHfrkQeNgq0DaAGgm/y6pXUYg37T0vGMD2ddf0KuOcXSswPr4EKKH1j6Koxv6e6IPBhEIR4YMnJTsvHNQkiu0cNaVMlMVxmArui8zSxqGelsmBZ2Butb17QIHCYyCZP0RrR0/vzHLH0GXbwTkp1ReHWF1XgmWkvfTkeBp15sGQofoPU+PuBNPP/zkRe3Y/ZxS++x9BJLjzCrpIdkYWn86Qp4ntcD2pNSJDQzFhJoAUHQgrZKJWyp5YSh3wzEyxgLNkkFxHdvDMQrvVQC304oF7JjFyEKUHdhTkYB98jJJeT3O1nsugTGawwMxOtf6XeH5CwiiqAic1QG5ttUUBlYz4XofaT7UALB4NG1DI2145qcCQFEvofMO69D5ZPwa0tnoJWkffPKrxLjxBZRmBZe91CChXVJz1EEPiqZkLfxviMkjBlDy5aji30+U9h9MQyg43GZ/2phYyAmuDPREp6AfZxp6Th0o8tIrOmQhMWRLB0CaMjZlv7KzpfW7yHk4TG8N0dXNIOZCma0Gjhfq8kc7SXIzVcs/QjXTgWMSSYoRYN49lkIa/2HXp9XmH6dILR0MjcJseGtKLSDbIUQ+9xt6U999HkiCicVtj2F81ws+j5L36rZv4N7zrd0PyZe37d0iKXvkeTpTEREqrwTFbKbYLwWIWRJaXsYUZBBhW4jBMIC4kFOR6UYSjwSslqmxsBMxLrMHgLfhcDvrD77vIspghvT0wLnXorZet1Nmk8Tq/8xtNbeEu6DmGNViEE/b8RwYyxwPyMkr9kQ41nA8GQY6MQTN1RCfOEXbAsL/FUEVlLkfBojlZGJj/WrIjhjFsAC+1WCgvExGji3jQjCpogCPyhAaUeQjYDVCId53j8F3RVbLbSKEFijC9CDQUL8R0MxYJg1CEiHZusjFdgUBIoDkjTOFGREVay5StV6E7CwThs/YukvuHANnMCcDGCMxCLOFbxBmLSXowsdYRsNvg+6beh30ZowsUX8R0vXCwJTJgDoddocAs14/jZFkjIXX51qaXlAoD+PYcDejD8Xs76axZgHWDpU6OdyDB+OFTBQ5xE+C51bzlxp+JrOx9BnHa4p3RxqE3nIGM7u6RGE5XyesYUplI/XXQz7c/R6moy1FPIfuomzCdf7jhB0mUe0dwQnvJdG3apbsK/1IUi/h+6ikUIQpIJZ2wZLINpMo3n8fQxb+BKTlFhzGwxvtXSQMP5f4gJczJTpIIxdryKG4WzofgTI8f4JFDBJIT6MwhyCE6WaZVeH+4U+1mIjJlNryJzfI4z97Ui9tC0oL6cK1rtDYIeB2Q1iI2GtcKwp9E1dmtt5OQdhHiOgBaPoHZpEaOaxfpwQ/K2Ct80oUL8VUIMSE6rlaHWo1XNW9hdoRZwAHyzM2XdhfBNgW2FOv2HpVwnec9AbOf8T+ryZzWXdxjcPRlAZncd7N86RkYR0OtVOtgTYhlqZnyKk4gpRngvje/yenMXfHY/vjjQ/EJ/dmsCLC5n+LijPDLQW5wqY6h5omZ0inRWIp5cgT7kQC18rQIgSSlAMeN610OcN6MYHIay0OaNzWAwlmAp1lCaQYEl88w2Mgnx/FMbL8doRjLiq3YZQWUobEwRuBO+1nEA8dBdqCSIFL4ZuYP2HaF1DxeSNRE+WD3h9SsETu7Gf0aP8VHkAVzm3W0hg1RQUVghk6rzWFaCzjtVr/sXC+FIef3H9n1fDQnHlofPq4r2LyL290O6GuCu3Ni0MZ8rIImcJc1cOwQiFNkuuR+x10Bbd1VO8NjWG9RM7xrJ6gHANZSMwmWPQvbVKF6AQrvPJ0eoEjFGRsdAdIKehr4PxqikK31XBKNeglUu1EtK7A2gs7OCnozHpkd7zQBXpckQApHGpGpYzD4Q5LaZcHpmRHnvKyHU5ogQhY+NQEbcpcjxCdw2ytga6K/oUSzAzVAgez7oY/8IUlMBZrCMxqN4BuqulMhJLlhiQu6qkRawft/e+mCVKGYmHuLv2eOgo/t0QsIC8akiqFnocobmV0FmHG2vXYoZb5zU8hYA6ZAwC+w4mEx6+K6Gzyt7P63lQ/cohVUORKE8u1n4zrtU2eLxNQiz+SD81XBmiHusiXuYyzB/morDRNWozD0MNSAvXym0bnwYTW7SOl/1SY5w2xnGrYKLiu6o9LBxbhRM0SOTBCCB4SMCuxIx7sXC+m6ybkO+1KKxX1HRt0jNu3B27z65WwRWG70QEgO+pu7LB2xOUJcXVl4JSb0AYqgis1SCag77+0eO1DlU5icnlzqEYthASm9EBxTiDjnU3QXfJXTMi3M5N/Re6C3XcGK9GQToOLXHRAz+bBWHhNQH3IoZZsHDA7/m3EH9sCWFRLwI7Fkhgp/Ij+Vugc7cR+LrqCmub1czqWoFYyhN9JKXBvvvdlJwcy9lfn3DMhu7HpccCwqQxSz+WWRz/12Xre0HnYzQN6H7UJofOXR/6qE0but+YI6Eb55EQhz+BfBVae4Dq92LR+fKPm/hHUjyfDZC3r5vsL308pSF8zsjnhnB+zs7N2flN1kcuXOvneD+Y2IHzbV0oJEjZ2kvNlmk7BJOOEeh8InYz4cFv8yro3r7TJGZWOIAF0F26FnpJmhfSKzA0OJJZLsfXjZjsNFhi6akJnQ9H+pjZbUy4TYGFgQSHt/uQj6OZ4rixr2DQnP9te6Ef5zEOwHtT3nx8vBGvm8+uW4Cx9Bo8t0mSngZ0FhVJxfoG56tNvFSDhGgaOh925ImlVF/r42cnD6+BzjJUg+HFE9dXPSKjhQA+lh1LVtrVeB7TJ7Ace7mFqYB6KO9uoQ+F7gqyuRgSDAqaUxAuxnH7/0cwpXEQXKgEc45wbH/ofBgx9fEkJ2xvgunTCkz6TQjKCi1A6svahonPqgrwuRCO8fE92ofypCaEVZDZvWjNDYldzwf5IVCVGFOrPud2qrYNwJ7wiAlsVoEiqIBGTLYASLBWTNFWQtpjLv3yHUtAl8DE5ocLR66LhFjFEA3BVH8nmgufbqF8xrZmq94raqaYxuYRpVIsMTwFJiqOhuXKYoLm6g+uwTleEbCu3mgUQ1SqqdycNzwTJl72rLjASvvTecUA+bHRIQ/C1BTYMsD3PWjl+nWZod81VFcvrUBU4OqK/kcHwOd0CwccBPkWS//k3pIusiul2xWzNTfZ/8ZsEyD8H2D4oO/HzLkgmaPflm0J8WUpCFYJna8vovf0ma0vOM5QA92i3i0khBrCrzJymKd7C/Yi6Cwwpm+vbrMMVwuexxBLSF9isaFiUVwYcGfEunp+VuGabIHON+/4+7UI+sIfVKTzS99pth466zEUs+Z0h4xusSphrbgcGegsOuJF+wCdu14ZOdfNmyubXIqISleCT9+t1atbmcqaqhKQja3N01Mtfe2irxIPPVM12a/aHESMJj1ftDX4mE4x5NZuYo6kIxNZBWnF/tHZ1l4cjhtLL9WoeqhyWBOf8g/vnmoBefy/AAMA3OX2SKGGaroAAAAASUVORK5CYII=','11',NULL,'2014-02-26 00:00:00',NULL,'2014-02-26 00:00:00',NULL);